fastaFileName,sequenceID,isHCoV19,lineage,totalLikelihoodWeightRatio,numDiagnosticsIssues,numSequencingIssues,numSnps,numAaReplacements,numInsertions,numDeletions
gisaid_hcov-19_2021_02_02_03_B117.fasta,hCoV-19/Jordan/AM-ALSR-5774/2021|EPI_ISL_878440|2021-01-04,Yes,B.1.1,96.66599999999997,4,2,30,19,0,3
gisaid_hcov-19_2021_02_02_03_B117.fasta,hCoV-19/Jordan/AM-ALSR-5775/2021|EPI_ISL_878443|2021-01-04,Yes,B.1.1,96.66599999999997,4,3,30,19,0,3
gisaid_hcov-19_2021_02_02_03_B117.fasta,hCoV-19/Jordan/AM-ALSR-5776/2021|EPI_ISL_878445|2021-01-04,Yes,B.1.1,96.66609999999997,4,1,30,18,0,3
gisaid_hcov-19_2021_02_02_03_B117.fasta,hCoV-19/Jordan/AM-ALSR-5777/2021|EPI_ISL_878448|2021-01-04,Yes,B.1.1,96.67869999999998,4,2,29,18,0,3
gisaid_hcov-19_2021_02_02_03_B117.fasta,hCoV-19/Jordan/AM-ALSR-5778/2021|EPI_ISL_878450|2021-01-04,Yes,B.1.1,96.67869999999998,4,1,29,18,0,3
gisaid_hcov-19_2021_02_02_03_B117.fasta,hCoV-19/Jordan/AM-ALSR-5779/2021|EPI_ISL_878452|2021-01-04,Yes,B.1.1,96.66609999999997,4,2,30,18,0,3
gisaid_hcov-19_2021_02_02_03_B117.fasta,hCoV-19/Jordan/AM-ALSR-5781/2021|EPI_ISL_878457|2021-01-04,Yes,B.1.1,96.66609999999997,4,1,30,18,0,3
gisaid_hcov-19_2021_02_02_03_B117.fasta,hCoV-19/Jordan/AM-ALSR-5782/2021|EPI_ISL_878460|2021-01-04,Yes,B.1.1,96.66599999999997,4,4,30,20,0,3
gisaid_hcov-19_2021_02_02_03_B117.fasta,hCoV-19/Jordan/AM-ALSR-5783/2021|EPI_ISL_878463|2021-01-04,Yes,B.1.1,96.66599999999997,4,1,30,19,0,3
gisaid_hcov-19_2021_02_02_03_B117.fasta,hCoV-19/Jordan/AM-ALSR-5784/2021|EPI_ISL_878465|2021-01-04,Yes,B.1.1,96.67869999999998,4,1,29,18,0,3
gisaid_hcov-19_2021_02_02_03_B117.fasta,hCoV-19/Jordan/AM-ALSR-5786/2021|EPI_ISL_878470|2021-01-04,Yes,B.1.1,96.66599999999997,4,2,30,19,0,3
gisaid_hcov-19_2021_02_02_03_B117.fasta,hCoV-19/Jordan/AM-ALSR-5788/2021|EPI_ISL_878474|2021-01-04,Yes,B.1.1,96.65339999999996,4,2,31,19,0,3
gisaid_hcov-19_2021_02_02_03_B117.fasta,hCoV-19/Jordan/AM-ALSR-5789/2021|EPI_ISL_878477|2021-01-05,Yes,B.1.1,96.67869999999998,4,1,29,18,0,3
gisaid_hcov-19_2021_02_02_03_B117.fasta,hCoV-19/Jordan/AM-ALSR-5790/2021|EPI_ISL_878480|2021-01-05,Yes,B.1.1,96.67869999999998,4,1,29,18,0,3
gisaid_hcov-19_2021_02_02_03_B117.fasta,hCoV-19/Jordan/AM-ALSR-5791/2021|EPI_ISL_878483|2021-01-05,Yes,B.1.1,96.67869999999998,4,1,29,18,0,3
gisaid_hcov-19_2021_02_02_03_B117.fasta,hCoV-19/Jordan/AM-ALSR-5792/2021|EPI_ISL_878485|2021-01-05,Yes,B.1.1,96.67869999999998,4,1,29,18,0,3
gisaid_hcov-19_2021_02_02_03_B117.fasta,hCoV-19/Jordan/AM-ALSR-5793/2021|EPI_ISL_878488|2021-01-05,Yes,B.1.1,96.67869999999998,4,1,29,18,0,3
gisaid_hcov-19_2021_02_02_03_B117.fasta,hCoV-19/Jordan/AM-ALSR-5794/2021|EPI_ISL_878491|2021-01-05,Yes,B.1.1,96.66609999999997,4,2,30,19,0,3
gisaid_hcov-19_2021_02_02_03_B117.fasta,hCoV-19/Jordan/AM-ALSR-5795/2021|EPI_ISL_878492|2021-01-05,Yes,B.1.1,96.67869999999998,4,1,29,18,0,3
gisaid_hcov-19_2021_02_02_03_B117.fasta,hCoV-19/Jordan/AM-ALSR-5796/2021|EPI_ISL_878495|2021-01-03,Yes,B.1.1,97.21109999999989,5,6,31,19,0,3
gisaid_hcov-19_2021_02_02_03_B117.fasta,hCoV-19/Jordan/AM-ALSR-5798/2021|EPI_ISL_878500|2021-01-02,Yes,B.1.1,96.66599999999997,4,3,30,19,0,3
gisaid_hcov-19_2021_02_02_03_B117.fasta,hCoV-19/Jordan/AM-ALSR-5799/2021|EPI_ISL_878503|2021-01-06,Yes,B.1.1,96.65339999999996,4,3,31,21,0,3
gisaid_hcov-19_2021_02_02_03_B117.fasta,hCoV-19/Jordan/AM-ALSR-5800/2021|EPI_ISL_878506|2021-01-06,Yes,B.1.1,96.67869999999998,4,1,29,19,0,3
gisaid_hcov-19_2021_02_02_03_B117.fasta,hCoV-19/Jordan/AM-ALSR-5801/2021|EPI_ISL_878509|2021-01-06,Yes,B.1.1,96.67869999999998,4,2,29,18,0,3
gisaid_hcov-19_2021_02_02_03_B117.fasta,hCoV-19/Jordan/AM-ALSR-5802/2021|EPI_ISL_878511|2021-01-06,Yes,B.1.1,96.65339999999996,4,3,31,21,0,3
gisaid_hcov-19_2021_02_02_03_B117.fasta,hCoV-19/Jordan/AM-ALSR-5803/2021|EPI_ISL_878514|2021-01-06,Yes,B.1.1,96.66599999999997,4,2,30,19,0,3
gisaid_hcov-19_2021_02_02_03_B117.fasta,hCoV-19/Jordan/AM-ALSR-5804/2021|EPI_ISL_878516|2021-01-06,Yes,B.1.1,96.67839999999998,4,3,29,18,0,3
gisaid_hcov-19_2021_02_02_03_B117.fasta,hCoV-19/Jordan/AM-ALSR-5805/2021|EPI_ISL_878519|2021-01-06,Yes,B.1.1,96.65339999999996,4,2,31,20,0,3
gisaid_hcov-19_2021_02_02_03_B117.fasta,hCoV-19/Jordan/AM-ALSR-5806/2021|EPI_ISL_878522|2021-01-06,Yes,B.1.1,96.67869999999998,4,1,29,18,0,3
gisaid_hcov-19_2021_02_02_03_B117.fasta,hCoV-19/Jordan/AZ-ALSR-5807/2021|EPI_ISL_878524|2021-01-06,Yes,B.1.1,96.67849999999999,4,0,29,20,0,3
gisaid_hcov-19_2021_02_02_03_B117.fasta,hCoV-19/Jordan/AM-ALSR-5808/2021|EPI_ISL_878526|2021-01-06,Yes,B.1.1,96.65339999999996,4,3,31,21,0,3
gisaid_hcov-19_2021_02_02_03_B117.fasta,hCoV-19/Jordan/AM-ALSR-5829/2020|EPI_ISL_878571|2020-12-25,Yes,B.1.1,96.61770000000001,4,2,34,22,0,3
gisaid_hcov-19_2021_02_02_03_B117.fasta,hCoV-19/Jordan/AM-ALSR-5830/2020|EPI_ISL_878574|2020-12-24,Yes,B.1.1,96.6426,4,2,32,21,0,3
gisaid_hcov-19_2021_02_02_03_B117.fasta,hCoV-19/Jordan/AM-ALSR-5832/2021|EPI_ISL_878576|2021-01-02,Yes,B.1.1,96.69109999999999,4,1,28,19,0,3
gisaid_hcov-19_2021_02_02_03_B117.fasta,hCoV-19/Jordan/AM-ALSR-5833/2021|EPI_ISL_878579|2021-01-02,Yes,B.1.1,96.66599999999997,4,1,30,19,0,3
gisaid_hcov-19_2021_02_02_03_B117.fasta,hCoV-19/Jordan/AM-ALSR-5834/2021|EPI_ISL_878581|2021-01-02,Yes,B.1.1,96.66599999999997,4,1,30,19,0,3
gisaid_hcov-19_2021_02_02_03_B117.fasta,hCoV-19/Jordan/UK6/2020|EPI_ISL_904016|2020-12-20,Yes,B.1.1,96.67150000000007,4,8,29,20,0,3
